[
  {
    "pk": 1,
    "model": "notation.theme",
    "fields": {
      "position": 1,
      "libelle": "Politiques et strat\u00e9gies",
      "grille": 4
    }
  },
  {
    "pk": 2,
    "model": "notation.theme",
    "fields": {
      "position": 2,
      "libelle": "Ma\u00eetriser les techniques",
      "grille": 4
    }
  },
  {
    "pk": 3,
    "model": "notation.theme",
    "fields": {
      "position": 3,
      "libelle": "M\u00e9thodologies - Conception - R\u00e9alisation",
      "grille": 4
    }
  },
  {
    "pk": 4,
    "model": "notation.theme",
    "fields": {
      "position": 4,
      "libelle": "Management - Communication - Informatique",
      "grille": 4
    }
  },
  {
    "pk": 1,
    "model": "notation.ensemblecapacite",
    "fields": {
      "theme": 1,
      "libelle": "D\u00e9velopper une d\u00e9marche strat\u00e9gique",
      "numero": 1,
      "grille": 4
    }
  },
  {
    "pk": 2,
    "model": "notation.ensemblecapacite",
    "fields": {
      "theme": 1,
      "libelle": "D\u00e9ployer la politique qualit\u00e9",
      "numero": 2,
      "grille": 4
    }
  },
  {
    "pk": 3,
    "model": "notation.ensemblecapacite",
    "fields": {
      "theme": 1,
      "libelle": "D\u00e9ployer la politique S\u00e9curit\u00e9",
      "numero": 3,
      "grille": 4
    }
  },
  {
    "pk": 4,
    "model": "notation.ensemblecapacite",
    "fields": {
      "theme": 1,
      "libelle": "D\u00e9ployer la politique Environnement (dont les sp\u00e9cificit\u00e9s mati\u00e8re pr\u00e9cieuse)",
      "numero": 4,
      "grille": 4
    }
  },
  {
    "pk": 5,
    "model": "notation.ensemblecapacite",
    "fields": {
      "theme": 1,
      "libelle": "Anticiper les \u00e9volutions sur les axes : produits - process - organisation",
      "numero": 5,
      "grille": 4
    }
  },
  {
    "pk": 6,
    "model": "notation.ensemblecapacite",
    "fields": {
      "theme": 2,
      "libelle": "Ma\u00eetrise les techniques",
      "numero": 6,
      "grille": 4
    }
  },
  {
    "pk": 7,
    "model": "notation.ensemblecapacite",
    "fields": {
      "theme": 3,
      "libelle": "Conduire un projet ou une \u00e9tude",
      "numero": 7,
      "grille": 4
    }
  },
  {
    "pk": 8,
    "model": "notation.ensemblecapacite",
    "fields": {
      "theme": 3,
      "libelle": "Industrialiser",
      "numero": 8,
      "grille": 4
    }
  },
  {
    "pk": 9,
    "model": "notation.ensemblecapacite",
    "fields": {
      "theme": 3,
      "libelle": "Piloter un processus de production",
      "numero": 9,
      "grille": 4
    }
  },
  {
    "pk": 10,
    "model": "notation.ensemblecapacite",
    "fields": {
      "theme": 3,
      "libelle": "Am\u00e9liorer un processus de production",
      "numero": 10,
      "grille": 4
    }
  },
  {
    "pk": 11,
    "model": "notation.ensemblecapacite",
    "fields": {
      "theme": 3,
      "libelle": "Faire \u00e9merger de nouvelles id\u00e9es",
      "numero": 11,
      "grille": 4
    }
  },
  {
    "pk": 12,
    "model": "notation.ensemblecapacite",
    "fields": {
      "theme": 3,
      "libelle": "Elaborer et suivre le budget de fonctionnement / la comptabilit\u00e9 analytique",
      "numero": 12,
      "grille": 4
    }
  },
  {
    "pk": 13,
    "model": "notation.ensemblecapacite",
    "fields": {
      "theme": 3,
      "libelle": "Etablir et suivre des relations avec les partenaires externes (Fournisseurs - S/T - Clients\u2026)",
      "numero": 13,
      "grille": 4
    }
  },
  {
    "pk": 14,
    "model": "notation.ensemblecapacite",
    "fields": {
      "theme": 4,
      "libelle": "Manager des \u00e9quipes",
      "numero": 14,
      "grille": 4
    }
  },
  {
    "pk": 15,
    "model": "notation.ensemblecapacite",
    "fields": {
      "theme": 4,
      "libelle": "Aptitude \u00e0 faire respecter les r\u00e8gles",
      "numero": 15,
      "grille": 4
    }
  },
  {
    "pk": 16,
    "model": "notation.ensemblecapacite",
    "fields": {
      "theme": 4,
      "libelle": "Conduite une r\u00e9union",
      "numero": 16,
      "grille": 4
    }
  },
  {
    "pk": 17,
    "model": "notation.ensemblecapacite",
    "fields": {
      "theme": 4,
      "libelle": "Communiquer",
      "numero": 17,
      "grille": 4
    }
  },
  {
    "pk": 18,
    "model": "notation.ensemblecapacite",
    "fields": {
      "theme": 4,
      "libelle": "Dialoguer",
      "numero": 18,
      "grille": 4
    }
  },
  {
    "pk": 19,
    "model": "notation.ensemblecapacite",
    "fields": {
      "theme": 4,
      "libelle": "\u00c9voluer dans un contexte international",
      "numero": 19,
      "grille": 4
    }
  },
  {
    "pk": 20,
    "model": "notation.ensemblecapacite",
    "fields": {
      "theme": 4,
      "libelle": "Ma\u00eetriser les bases du syst\u00e8me informatique",
      "numero": 20,
      "grille": 4
    }
  },
  {
    "pk": 1,
    "model": "notation.capacite",
    "fields": {
      "libelle": "Analyser le march\u00e9 et les attentes clients",
      "numero": 1,
      "an_1": false,
      "code_annee": "",
      "ensemble": 1,
      "an_2": false,
      "an_3": false
    }
  },
  {
    "pk": 2,
    "model": "notation.capacite",
    "fields": {
      "libelle": "Positionner la concurrence",
      "numero": 2,
      "an_1": false,
      "code_annee": "",
      "ensemble": 1,
      "an_2": false,
      "an_3": false
    }
  },
  {
    "pk": 3,
    "model": "notation.capacite",
    "fields": {
      "libelle": "Comprendre et relayer la strat\u00e9gie",
      "numero": 3,
      "an_1": false,
      "code_annee": "",
      "ensemble": 1,
      "an_2": false,
      "an_3": false
    }
  },
  {
    "pk": 4,
    "model": "notation.capacite",
    "fields": {
      "libelle": "\u00c9valuer les risques de la strat\u00e9gie de l'entreprise",
      "numero": 4,
      "an_1": false,
      "code_annee": "",
      "ensemble": 1,
      "an_2": false,
      "an_3": false
    }
  },
  {
    "pk": 5,
    "model": "notation.capacite",
    "fields": {
      "libelle": "Expliquer et faire appliquer les proc\u00e9dures qualit\u00e9",
      "numero": 1,
      "an_1": false,
      "code_annee": "",
      "ensemble": 2,
      "an_2": false,
      "an_3": false
    }
  },
  {
    "pk": 6,
    "model": "notation.capacite",
    "fields": {
      "libelle": "Construire et/ou v\u00e9rifier l\u2019application des plans de contr\u00f4le et des instructions",
      "numero": 2,
      "an_1": false,
      "code_annee": "",
      "ensemble": 2,
      "an_2": false,
      "an_3": false
    }
  },
  {
    "pk": 7,
    "model": "notation.capacite",
    "fields": {
      "libelle": "Participer \u00e0 la r\u00e9solution des probl\u00e8mes qualit\u00e9 internes et externes",
      "numero": 3,
      "an_1": false,
      "code_annee": "",
      "ensemble": 2,
      "an_2": false,
      "an_3": false
    }
  },
  {
    "pk": 8,
    "model": "notation.capacite",
    "fields": {
      "libelle": "Conna\u00eetre la r\u00e9glementation et les moyens de pr\u00e9vention",
      "numero": 1,
      "an_1": false,
      "code_annee": "",
      "ensemble": 3,
      "an_2": false,
      "an_3": false
    }
  },
  {
    "pk": 9,
    "model": "notation.capacite",
    "fields": {
      "libelle": "Appliquer et faire appliquer les r\u00e8gles de s\u00e9curit\u00e9",
      "numero": 2,
      "an_1": false,
      "code_annee": "",
      "ensemble": 3,
      "an_2": false,
      "an_3": false
    }
  },
  {
    "pk": 10,
    "model": "notation.capacite",
    "fields": {
      "libelle": "Motiver pour am\u00e9liorer les conditions de s\u00e9curit\u00e9",
      "numero": 3,
      "an_1": false,
      "code_annee": "",
      "ensemble": 3,
      "an_2": false,
      "an_3": false
    }
  },
  {
    "pk": 11,
    "model": "notation.capacite",
    "fields": {
      "libelle": "Veiller aux principes d\u2019ergonomie",
      "numero": 4,
      "an_1": false,
      "code_annee": "",
      "ensemble": 3,
      "an_2": false,
      "an_3": false
    }
  },
  {
    "pk": 12,
    "model": "notation.capacite",
    "fields": {
      "libelle": "Veiller \u00e0 l\u2019application des r\u00e8gles environnementales",
      "numero": 1,
      "an_1": false,
      "code_annee": "",
      "ensemble": 4,
      "an_2": false,
      "an_3": false
    }
  },
  {
    "pk": 13,
    "model": "notation.capacite",
    "fields": {
      "libelle": "Veiller au respect du tri des d\u00e9chets",
      "numero": 2,
      "an_1": false,
      "code_annee": "",
      "ensemble": 4,
      "an_2": false,
      "an_3": false
    }
  },
  {
    "pk": 14,
    "model": "notation.capacite",
    "fields": {
      "libelle": "Contribuer au  suivi  des points significatifs",
      "numero": 3,
      "an_1": false,
      "code_annee": "",
      "ensemble": 4,
      "an_2": false,
      "an_3": false
    }
  },
  {
    "pk": 15,
    "model": "notation.capacite",
    "fields": {
      "libelle": "Participer aux audits des pratiques environnementales",
      "numero": 4,
      "an_1": false,
      "code_annee": "",
      "ensemble": 4,
      "an_2": false,
      "an_3": false
    }
  },
  {
    "pk": 16,
    "model": "notation.capacite",
    "fields": {
      "libelle": "Assurer la veille technologique de fa\u00e7on permanente",
      "numero": 1,
      "an_1": false,
      "code_annee": "",
      "ensemble": 5,
      "an_2": false,
      "an_3": false
    }
  },
  {
    "pk": 17,
    "model": "notation.capacite",
    "fields": {
      "libelle": "Anticiper les \u00e9volutions de son secteur d\u2019activit\u00e9",
      "numero": 2,
      "an_1": false,
      "code_annee": "",
      "ensemble": 5,
      "an_2": false,
      "an_3": false
    }
  },
  {
    "pk": 18,
    "model": "notation.capacite",
    "fields": {
      "libelle": "D\u00e9finir des besoins en termes d\u2019\u00e9volution",
      "numero": 3,
      "an_1": false,
      "code_annee": "",
      "ensemble": 5,
      "an_2": false,
      "an_3": false
    }
  },
  {
    "pk": 19,
    "model": "notation.capacite",
    "fields": {
      "libelle": "Appliquer ses connaissances en :",
      "numero": 1,
      "an_1": false,
      "code_annee": "",
      "ensemble": 6,
      "an_2": false,
      "an_3": false
    }
  },
  {
    "pk": 20,
    "model": "notation.capacite",
    "fields": {
      "libelle": "Conception & design",
      "numero": 2,
      "an_1": false,
      "code_annee": "",
      "ensemble": 6,
      "an_2": false,
      "an_3": false
    }
  },
  {
    "pk": 21,
    "model": "notation.capacite",
    "fields": {
      "libelle": "M\u00e9canique",
      "numero": 3,
      "an_1": false,
      "code_annee": "",
      "ensemble": 6,
      "an_2": false,
      "an_3": false
    }
  },
  {
    "pk": 22,
    "model": "notation.capacite",
    "fields": {
      "libelle": "Mat\u00e9riaux (gemmologie, composites, c\u00e9ramique, mati\u00e8res souples\u2026)",
      "numero": 4,
      "an_1": false,
      "code_annee": "",
      "ensemble": 6,
      "an_2": false,
      "an_3": false
    }
  },
  {
    "pk": 23,
    "model": "notation.capacite",
    "fields": {
      "libelle": "Automatisme, robotique et m\u00e9catronique",
      "numero": 5,
      "an_1": false,
      "code_annee": "",
      "ensemble": 6,
      "an_2": false,
      "an_3": false
    }
  },
  {
    "pk": 24,
    "model": "notation.capacite",
    "fields": {
      "libelle": "Proc\u00e9d\u00e9 de micro-fabrication",
      "numero": 6,
      "an_1": false,
      "code_annee": "",
      "ensemble": 6,
      "an_2": false,
      "an_3": false
    }
  },
  {
    "pk": 25,
    "model": "notation.capacite",
    "fields": {
      "libelle": "\u00c9lectronique et opto-\u00e9lectronique",
      "numero": 7,
      "an_1": false,
      "code_annee": "",
      "ensemble": 6,
      "an_2": false,
      "an_3": false
    }
  },
  {
    "pk": 26,
    "model": "notation.capacite",
    "fields": {
      "libelle": "Traitement de surface (rev\u00eatements, finition, polissage\u2026)",
      "numero": 8,
      "an_1": false,
      "code_annee": "",
      "ensemble": 6,
      "an_2": false,
      "an_3": false
    }
  },
  {
    "pk": 27,
    "model": "notation.capacite",
    "fields": {
      "libelle": "Moyens de mesures",
      "numero": 9,
      "an_1": false,
      "code_annee": "",
      "ensemble": 6,
      "an_2": false,
      "an_3": false
    }
  },
  {
    "pk": 28,
    "model": "notation.capacite",
    "fields": {
      "libelle": "Assurer la s\u00e9curit\u00e9 des marchandises \"pr\u00e9cieuses\"",
      "numero": 10,
      "an_1": false,
      "code_annee": "",
      "ensemble": 6,
      "an_2": false,
      "an_3": false
    }
  },
  {
    "pk": 29,
    "model": "notation.capacite",
    "fields": {
      "libelle": "D\u00e9finir le projet (contexte, situation souhait\u00e9e, acteurs, forces, faiblesses, gains attendus, dates cl\u00e9s)",
      "numero": 1,
      "an_1": false,
      "code_annee": "",
      "ensemble": 7,
      "an_2": false,
      "an_3": false
    }
  },
  {
    "pk": 30,
    "model": "notation.capacite",
    "fields": {
      "libelle": "Analyser un cahier des charges client",
      "numero": 2,
      "an_1": false,
      "code_annee": "",
      "ensemble": 7,
      "an_2": false,
      "an_3": false
    }
  },
  {
    "pk": 31,
    "model": "notation.capacite",
    "fields": {
      "libelle": "Valider la faisabilit\u00e9 technique",
      "numero": 3,
      "an_1": false,
      "code_annee": "",
      "ensemble": 7,
      "an_2": false,
      "an_3": false
    }
  },
  {
    "pk": 32,
    "model": "notation.capacite",
    "fields": {
      "libelle": "\u00c9tablir le planning pr\u00e9visionnel (valider les ressources)",
      "numero": 4,
      "an_1": false,
      "code_annee": "",
      "ensemble": 7,
      "an_2": false,
      "an_3": false
    }
  },
  {
    "pk": 33,
    "model": "notation.capacite",
    "fields": {
      "libelle": "Construire un tableau de bord de pilotage de projet (co\u00fbts d\u00e9lais ressources...)",
      "numero": 5,
      "an_1": false,
      "code_annee": "",
      "ensemble": 7,
      "an_2": false,
      "an_3": false
    }
  },
  {
    "pk": 34,
    "model": "notation.capacite",
    "fields": {
      "libelle": "Animer les revues de projet",
      "numero": 6,
      "an_1": false,
      "code_annee": "",
      "ensemble": 7,
      "an_2": false,
      "an_3": false
    }
  },
  {
    "pk": 35,
    "model": "notation.capacite",
    "fields": {
      "libelle": "Comparer les r\u00e9sultats et objectifs",
      "numero": 7,
      "an_1": false,
      "code_annee": "",
      "ensemble": 7,
      "an_2": false,
      "an_3": false
    }
  },
  {
    "pk": 36,
    "model": "notation.capacite",
    "fields": {
      "libelle": "\u00c9tablir le bilan financier du projet et \u00e9valuer la rentabilit\u00e9",
      "numero": 8,
      "an_1": false,
      "code_annee": "",
      "ensemble": 7,
      "an_2": false,
      "an_3": false
    }
  },
  {
    "pk": 37,
    "model": "notation.capacite",
    "fields": {
      "libelle": "Argumenter et pr\u00e9senter les r\u00e9sultats d'un projet \u00e0 sa hi\u00e9rarchie",
      "numero": 9,
      "an_1": false,
      "code_annee": "",
      "ensemble": 7,
      "an_2": false,
      "an_3": false
    }
  },
  {
    "pk": 38,
    "model": "notation.capacite",
    "fields": {
      "libelle": "Participer \u00e0 la d\u00e9finition du besoin (produit ou process)",
      "numero": 1,
      "an_1": false,
      "code_annee": "",
      "ensemble": 8,
      "an_2": false,
      "an_3": false
    }
  },
  {
    "pk": 39,
    "model": "notation.capacite",
    "fields": {
      "libelle": "\u00c9tudier l\u2019impact sur les co\u00fbts",
      "numero": 2,
      "an_1": false,
      "code_annee": "",
      "ensemble": 8,
      "an_2": false,
      "an_3": false
    }
  },
  {
    "pk": 40,
    "model": "notation.capacite",
    "fields": {
      "libelle": "\u00c9valuer l\u2019impact sur la gestion des flux",
      "numero": 3,
      "an_1": false,
      "code_annee": "",
      "ensemble": 8,
      "an_2": false,
      "an_3": false
    }
  },
  {
    "pk": 41,
    "model": "notation.capacite",
    "fields": {
      "libelle": "\u00c9valuer l\u2019impact sur les comp\u00e9tences",
      "numero": 4,
      "an_1": false,
      "code_annee": "",
      "ensemble": 8,
      "an_2": false,
      "an_3": false
    }
  },
  {
    "pk": 42,
    "model": "notation.capacite",
    "fields": {
      "libelle": "\u00c9valuer l\u2019impact sur les \u00e9quipements",
      "numero": 5,
      "an_1": false,
      "code_annee": "",
      "ensemble": 8,
      "an_2": false,
      "an_3": false
    }
  },
  {
    "pk": 43,
    "model": "notation.capacite",
    "fields": {
      "libelle": "\u00c9valuer les risques d\u2019un nouvel \u00e9quipement",
      "numero": 6,
      "an_1": false,
      "code_annee": "",
      "ensemble": 8,
      "an_2": false,
      "an_3": false
    }
  },
  {
    "pk": 44,
    "model": "notation.capacite",
    "fields": {
      "libelle": "R\u00e9diger un cahier des charges (achat)",
      "numero": 7,
      "an_1": false,
      "code_annee": "",
      "ensemble": 8,
      "an_2": false,
      "an_3": false
    }
  },
  {
    "pk": 45,
    "model": "notation.capacite",
    "fields": {
      "libelle": "Participer \u00e0 la mise au point de l\u2019\u00e9quipement",
      "numero": 8,
      "an_1": false,
      "code_annee": "",
      "ensemble": 8,
      "an_2": false,
      "an_3": false
    }
  },
  {
    "pk": 46,
    "model": "notation.capacite",
    "fields": {
      "libelle": "Qualifier le nouvel \u00e9quipement",
      "numero": 9,
      "an_1": false,
      "code_annee": "",
      "ensemble": 8,
      "an_2": false,
      "an_3": false
    }
  },
  {
    "pk": 47,
    "model": "notation.capacite",
    "fields": {
      "libelle": "Calculer une charge-capacit\u00e9 et r\u00e9pondre r\u00e9guli\u00e8rement aux pr\u00e9visions de commandes",
      "numero": 1,
      "an_1": false,
      "code_annee": "",
      "ensemble": 9,
      "an_2": false,
      "an_3": false
    }
  },
  {
    "pk": 48,
    "model": "notation.capacite",
    "fields": {
      "libelle": "Construire un tableau de bord (indicateurs - objectifs)",
      "numero": 2,
      "an_1": false,
      "code_annee": "",
      "ensemble": 9,
      "an_2": false,
      "an_3": false
    }
  },
  {
    "pk": 49,
    "model": "notation.capacite",
    "fields": {
      "libelle": "Organiser le travail des \u00e9quipes de production",
      "numero": 3,
      "an_1": false,
      "code_annee": "",
      "ensemble": 9,
      "an_2": false,
      "an_3": false
    }
  },
  {
    "pk": 50,
    "model": "notation.capacite",
    "fields": {
      "libelle": "Veiller \u00e0 l\u2019application des r\u00e8gles qualit\u00e9, s\u00e9curit\u00e9 et environnement (cf Management QSE)",
      "numero": 4,
      "an_1": false,
      "code_annee": "",
      "ensemble": 9,
      "an_2": false,
      "an_3": false
    }
  },
  {
    "pk": 51,
    "model": "notation.capacite",
    "fields": {
      "libelle": "Contr\u00f4ler la gestion des flux de mati\u00e8res, composants et de produits",
      "numero": 5,
      "an_1": false,
      "code_annee": "",
      "ensemble": 9,
      "an_2": false,
      "an_3": false
    }
  },
  {
    "pk": 52,
    "model": "notation.capacite",
    "fields": {
      "libelle": "\u00c9laborer et entretenir la maintenance des \u00e9quipements",
      "numero": 6,
      "an_1": false,
      "code_annee": "",
      "ensemble": 9,
      "an_2": false,
      "an_3": false
    }
  },
  {
    "pk": 53,
    "model": "notation.capacite",
    "fields": {
      "libelle": "Veiller \u00e0 l'atteinte des objectifs (quantit\u00e9, livraison \u00e0 temps, co\u00fbts de non qualit\u00e9, incidents qualit\u00e9...)",
      "numero": 7,
      "an_1": false,
      "code_annee": "",
      "ensemble": 9,
      "an_2": false,
      "an_3": false
    }
  },
  {
    "pk": 54,
    "model": "notation.capacite",
    "fields": {
      "libelle": "Animer le suivi des r\u00e9sultats et des performances pour une d\u00e9marche p\u00e9renne",
      "numero": 8,
      "an_1": false,
      "code_annee": "",
      "ensemble": 9,
      "an_2": false,
      "an_3": false
    }
  },
  {
    "pk": 55,
    "model": "notation.capacite",
    "fields": {
      "libelle": "Prioriser et prendre des d\u00e9cisions en lien avec les orientations strat\u00e9giques",
      "numero": 1,
      "an_1": false,
      "code_annee": "",
      "ensemble": 10,
      "an_2": false,
      "an_3": false
    }
  },
  {
    "pk": 56,
    "model": "notation.capacite",
    "fields": {
      "libelle": "Cr\u00e9er un plan d\u2019am\u00e9lioration continue",
      "numero": 2,
      "an_1": false,
      "code_annee": "",
      "ensemble": 10,
      "an_2": false,
      "an_3": false
    }
  },
  {
    "pk": 57,
    "model": "notation.capacite",
    "fields": {
      "libelle": "Conduire des r\u00e9ductions de co\u00fbts",
      "numero": 3,
      "an_1": false,
      "code_annee": "",
      "ensemble": 10,
      "an_2": false,
      "an_3": false
    }
  },
  {
    "pk": 58,
    "model": "notation.capacite",
    "fields": {
      "libelle": "Rep\u00e9rer les dysfonctionnements",
      "numero": 4,
      "an_1": false,
      "code_annee": "",
      "ensemble": 10,
      "an_2": false,
      "an_3": false
    }
  },
  {
    "pk": 59,
    "model": "notation.capacite",
    "fields": {
      "libelle": "Favoriser la r\u00e9solution des probl\u00e8mes techniques",
      "numero": 5,
      "an_1": false,
      "code_annee": "",
      "ensemble": 10,
      "an_2": false,
      "an_3": false
    }
  },
  {
    "pk": 60,
    "model": "notation.capacite",
    "fields": {
      "libelle": "D\u00e9velopper un processus de g\u00e9n\u00e9ration d\u2019id\u00e9es nouvelles",
      "numero": 1,
      "an_1": false,
      "code_annee": "",
      "ensemble": 11,
      "an_2": false,
      "an_3": false
    }
  },
  {
    "pk": 61,
    "model": "notation.capacite",
    "fields": {
      "libelle": "Mettre en \u0153uvre et animer ce processus",
      "numero": 2,
      "an_1": false,
      "code_annee": "",
      "ensemble": 11,
      "an_2": false,
      "an_3": false
    }
  },
  {
    "pk": 62,
    "model": "notation.capacite",
    "fields": {
      "libelle": "En \u00e9tudier la faisabilit\u00e9",
      "numero": 3,
      "an_1": false,
      "code_annee": "",
      "ensemble": 11,
      "an_2": false,
      "an_3": false
    }
  },
  {
    "pk": 63,
    "model": "notation.capacite",
    "fields": {
      "libelle": "Identifier et classer les charges",
      "numero": 1,
      "an_1": false,
      "code_annee": "",
      "ensemble": 12,
      "an_2": false,
      "an_3": false
    }
  },
  {
    "pk": 64,
    "model": "notation.capacite",
    "fields": {
      "libelle": "\u00c9valuer les co\u00fbts mati\u00e8res (consommables, \u00e9nergie..) li\u00e9s \u00e0 son activit\u00e9",
      "numero": 2,
      "an_1": false,
      "code_annee": "",
      "ensemble": 12,
      "an_2": false,
      "an_3": false
    }
  },
  {
    "pk": 65,
    "model": "notation.capacite",
    "fields": {
      "libelle": "Participer \u00e0 la construction du budget du service (objectifs financiers entreprise/pr\u00e9visions d\u2019activit\u00e9 du service)",
      "numero": 3,
      "an_1": false,
      "code_annee": "",
      "ensemble": 12,
      "an_2": false,
      "an_3": false
    }
  },
  {
    "pk": 66,
    "model": "notation.capacite",
    "fields": {
      "libelle": "Comprendre la constitution d\u2019un co\u00fbt produit",
      "numero": 4,
      "an_1": false,
      "code_annee": "",
      "ensemble": 12,
      "an_2": false,
      "an_3": false
    }
  },
  {
    "pk": 67,
    "model": "notation.capacite",
    "fields": {
      "libelle": "D\u00e9finir les charges directes et indirectes li\u00e9es \u00e0 un produit",
      "numero": 5,
      "an_1": false,
      "code_annee": "",
      "ensemble": 12,
      "an_2": false,
      "an_3": false
    }
  },
  {
    "pk": 68,
    "model": "notation.capacite",
    "fields": {
      "libelle": "Analyser les \u00e9carts pr\u00e9visions/r\u00e9alisations proposer des plans d'actions d'am\u00e9lioration des co\u00fbts",
      "numero": 6,
      "an_1": false,
      "code_annee": "",
      "ensemble": 12,
      "an_2": false,
      "an_3": false
    }
  },
  {
    "pk": 69,
    "model": "notation.capacite",
    "fields": {
      "libelle": "Construire un cahier des charges",
      "numero": 1,
      "an_1": false,
      "code_annee": "",
      "ensemble": 13,
      "an_2": false,
      "an_3": false
    }
  },
  {
    "pk": 70,
    "model": "notation.capacite",
    "fields": {
      "libelle": "Comparer co\u00fbts interne et co\u00fbts externes",
      "numero": 2,
      "an_1": false,
      "code_annee": "",
      "ensemble": 13,
      "an_2": false,
      "an_3": false
    }
  },
  {
    "pk": 71,
    "model": "notation.capacite",
    "fields": {
      "libelle": "Analyser et valider des choix",
      "numero": 3,
      "an_1": false,
      "code_annee": "",
      "ensemble": 13,
      "an_2": false,
      "an_3": false
    }
  },
  {
    "pk": 72,
    "model": "notation.capacite",
    "fields": {
      "libelle": "Organiser et suivre les relations (plan d'am\u00e9lioration, contrat de progr\u00e8s, performance\u2026) - \"jouer gagnant - gagnant\"",
      "numero": 4,
      "an_1": false,
      "code_annee": "",
      "ensemble": 13,
      "an_2": false,
      "an_3": false
    }
  },
  {
    "pk": 73,
    "model": "notation.capacite",
    "fields": {
      "libelle": "Manager un collaborateur, adapter son mode de management",
      "numero": 1,
      "an_1": false,
      "code_annee": "",
      "ensemble": 14,
      "an_2": false,
      "an_3": false
    }
  },
  {
    "pk": 74,
    "model": "notation.capacite",
    "fields": {
      "libelle": "Fixer des objectifs, suivre l'avancement et \u00e9valuer les r\u00e9sultats",
      "numero": 2,
      "an_1": false,
      "code_annee": "",
      "ensemble": 14,
      "an_2": false,
      "an_3": false
    }
  },
  {
    "pk": 75,
    "model": "notation.capacite",
    "fields": {
      "libelle": "Animer une \u00e9quipe en assurant la coh\u00e9rence et la coh\u00e9sion",
      "numero": 3,
      "an_1": false,
      "code_annee": "",
      "ensemble": 14,
      "an_2": false,
      "an_3": false
    }
  },
  {
    "pk": 76,
    "model": "notation.capacite",
    "fields": {
      "libelle": "Faire \"grandir\" et valoriser ses collaborateurs / coll\u00e8gues",
      "numero": 4,
      "an_1": false,
      "code_annee": "",
      "ensemble": 14,
      "an_2": false,
      "an_3": false
    }
  },
  {
    "pk": 77,
    "model": "notation.capacite",
    "fields": {
      "libelle": "Assurer le r\u00f4le central de leader et mettre en \u0153uvre des m\u00e9thodes de pilotage et d\u2019action en tant que leader",
      "numero": 5,
      "an_1": false,
      "code_annee": "",
      "ensemble": 14,
      "an_2": false,
      "an_3": false
    }
  },
  {
    "pk": 78,
    "model": "notation.capacite",
    "fields": {
      "libelle": "\u00catre capable de conduire un entretien individuel",
      "numero": 1,
      "an_1": false,
      "code_annee": "",
      "ensemble": 15,
      "an_2": false,
      "an_3": false
    }
  },
  {
    "pk": 79,
    "model": "notation.capacite",
    "fields": {
      "libelle": "\u00catre capable de s'affirmer comme garant du respect des r\u00e8gles",
      "numero": 2,
      "an_1": false,
      "code_annee": "",
      "ensemble": 15,
      "an_2": false,
      "an_3": false
    }
  },
  {
    "pk": 80,
    "model": "notation.capacite",
    "fields": {
      "libelle": "\u00catre capable de recadrer les pratiques d\u2019un individu, d\u2019un groupe",
      "numero": 3,
      "an_1": false,
      "code_annee": "",
      "ensemble": 15,
      "an_2": false,
      "an_3": false
    }
  },
  {
    "pk": 81,
    "model": "notation.capacite",
    "fields": {
      "libelle": "Accompagner un changement de r\u00e8glement",
      "numero": 4,
      "an_1": false,
      "code_annee": "",
      "ensemble": 15,
      "an_2": false,
      "an_3": false
    }
  },
  {
    "pk": 82,
    "model": "notation.capacite",
    "fields": {
      "libelle": "Mettre en \u0153uvre une approche m\u00e9thodologique de conduite de r\u00e9union",
      "numero": 1,
      "an_1": false,
      "code_annee": "",
      "ensemble": 16,
      "an_2": false,
      "an_3": false
    }
  },
  {
    "pk": 83,
    "model": "notation.capacite",
    "fields": {
      "libelle": "Animer efficacement une r\u00e9union",
      "numero": 2,
      "an_1": false,
      "code_annee": "",
      "ensemble": 16,
      "an_2": false,
      "an_3": false
    }
  },
  {
    "pk": 84,
    "model": "notation.capacite",
    "fields": {
      "libelle": "Conna\u00eetre et ma\u00eetriser les outils de communication (messagerie, tableau de bord, affichage\u2026)",
      "numero": 1,
      "an_1": false,
      "code_annee": "",
      "ensemble": 17,
      "an_2": false,
      "an_3": false
    }
  },
  {
    "pk": 85,
    "model": "notation.capacite",
    "fields": {
      "libelle": "Ma\u00eetriser la communication \u00e9crite",
      "numero": 2,
      "an_1": false,
      "code_annee": "",
      "ensemble": 17,
      "an_2": false,
      "an_3": false
    }
  },
  {
    "pk": 86,
    "model": "notation.capacite",
    "fields": {
      "libelle": "Ma\u00eetriser la communication orale par \"petit groupe\" (r\u00e9union, briefing\u2026)",
      "numero": 3,
      "an_1": false,
      "code_annee": "",
      "ensemble": 17,
      "an_2": false,
      "an_3": false
    }
  },
  {
    "pk": 87,
    "model": "notation.capacite",
    "fields": {
      "libelle": "Ma\u00eetriser la communication orale (assembl\u00e9e\u2026)",
      "numero": 4,
      "an_1": false,
      "code_annee": "",
      "ensemble": 17,
      "an_2": false,
      "an_3": false
    }
  },
  {
    "pk": 88,
    "model": "notation.capacite",
    "fields": {
      "libelle": "\u00catre \u00e0 l'\u00e9coute des collaborateurs",
      "numero": 1,
      "an_1": false,
      "code_annee": "",
      "ensemble": 18,
      "an_2": false,
      "an_3": false
    }
  },
  {
    "pk": 89,
    "model": "notation.capacite",
    "fields": {
      "libelle": "Apporter des r\u00e9ponses claires et pr\u00e9cises",
      "numero": 2,
      "an_1": false,
      "code_annee": "",
      "ensemble": 18,
      "an_2": false,
      "an_3": false
    }
  },
  {
    "pk": 90,
    "model": "notation.capacite",
    "fields": {
      "libelle": "V\u00e9rifier ses informations",
      "numero": 3,
      "an_1": false,
      "code_annee": "",
      "ensemble": 18,
      "an_2": false,
      "an_3": false
    }
  },
  {
    "pk": 91,
    "model": "notation.capacite",
    "fields": {
      "libelle": "Effectuer des d\u00e9placements \u00e0 l'\u00e9tranger (filiales, sites, client, fournisseurs, salons\u2026)",
      "numero": 1,
      "an_1": false,
      "code_annee": "",
      "ensemble": 19,
      "an_2": false,
      "an_3": false
    }
  },
  {
    "pk": 92,
    "model": "notation.capacite",
    "fields": {
      "libelle": "Lire et r\u00e9aliser des documents en anglais",
      "numero": 2,
      "an_1": false,
      "code_annee": "",
      "ensemble": 19,
      "an_2": false,
      "an_3": false
    }
  },
  {
    "pk": 93,
    "model": "notation.capacite",
    "fields": {
      "libelle": "Maintenir une conversation t\u00e9l\u00e9phonique en anglais",
      "numero": 3,
      "an_1": false,
      "code_annee": "",
      "ensemble": 19,
      "an_2": false,
      "an_3": false
    }
  },
  {
    "pk": 94,
    "model": "notation.capacite",
    "fields": {
      "libelle": "S\u2019exprimer avec aisance en anglais",
      "numero": 4,
      "an_1": false,
      "code_annee": "",
      "ensemble": 19,
      "an_2": false,
      "an_3": false
    }
  },
  {
    "pk": 95,
    "model": "notation.capacite",
    "fields": {
      "libelle": "Comprendre les syst\u00e8mes d'information (ERP, GPAO, GMAO\u2026)",
      "numero": 1,
      "an_1": false,
      "code_annee": "",
      "ensemble": 20,
      "an_2": false,
      "an_3": false
    }
  },
  {
    "pk": 96,
    "model": "notation.capacite",
    "fields": {
      "libelle": "Comprendre et respecter les principes de la s\u00e9curit\u00e9 informatique",
      "numero": 2,
      "an_1": false,
      "code_annee": "",
      "ensemble": 20,
      "an_2": false,
      "an_3": false
    }
  },
  {
    "pk": 97,
    "model": "notation.capacite",
    "fields": {
      "libelle": "Ma\u00eetriser les outils informatiques (bureautique, internet, progiciels\u2026)",
      "numero": 3,
      "an_1": false,
      "code_annee": "",
      "ensemble": 20,
      "an_2": false,
      "an_3": false
    }
  }
]